{
  "dir_0": {
    "mae": 0.6843342659890943,
    "n_features": 50,
    "n_iter": 91,
    "r2": 0.555377493718618
  },
  "dir_1": {
    "mae": 0.5744407451948963,
    "n_features": 50,
    "n_iter": 83,
    "r2": 0.5748338650764035
  },
  "dir_10": {
    "mae": 0.7790309795584445,
    "n_features": 50,
    "n_iter": 44,
    "r2": 0.26762127400572244
  },
  "dir_11": {
    "mae": 0.6050830879720016,
    "n_features": 50,
    "n_iter": 90,
    "r2": 0.5534099680670749
  },
  "dir_2": {
    "mae": 0.745767816190819,
    "n_features": 50,
    "n_iter": 43,
    "r2": 0.2955399519922448
  },
  "dir_3": {
    "mae": 0.8378203547290585,
    "n_features": 47,
    "n_iter": 30,
    "r2": 0.1740019405656419
  },
  "dir_4": {
    "mae": 0.9007632880788576,
    "n_features": 9,
    "n_iter": 16,
    "r2": 0.09616757965907075
  },
  "dir_5": {
    "mae": 1.0412781541155076,
    "n_features": 4,
    "n_iter": 8,
    "r2": 0.06158065181847594
  },
  "dir_6": {
    "mae": 1.0243494798052082,
    "n_features": 50,
    "n_iter": 188,
    "r2": 0.22720646052058024
  },
  "dir_7": {
    "mae": 0.9984629059075486,
    "n_features": 8,
    "n_iter": 12,
    "r2": 0.09106974600889917
  },
  "dir_8": {
    "mae": 0.9311833091244558,
    "n_features": 6,
    "n_iter": 37,
    "r2": 0.0512680711050999
  },
  "dir_9": {
    "mae": 0.8680066135944791,
    "n_features": 44,
    "n_iter": 46,
    "r2": 0.14379082703808688
  }
}